{
    "METHODS": {
        "BOCPD": {
            "lambda": [
                10,
                50,
                100,
                200
            ],
            "prior_a": [
                0.01,
                0.1,
                1.0,
                10,
                100
            ],
            "prior_b": [
                0.01,
                0.1,
                1.0,
                10,
                100
            ],
            "prior_k": [
                0.01,
                0.1,
                1.0,
                10,
                100
            ]
        },
        "BOCPDMS": {
            "lambda": [
                10,
                50,
                100,
                200
            ],
            "prior_a": [
                0.01,
                0.1,
                1.0,
                10,
                100
            ],
            "prior_b": [
                0.01,
                0.1,
                1.0,
                10,
                100
            ]
        },
        "RBOCPDMS": {
            "lambda": [
                10,
                50,
                100,
                200
            ],
            "prior_a": [
                0.01,
                0.1,
                1.0,
                10,
                100
            ],
            "prior_b": [
                0.01,
                0.1,
                1.0,
                10,
                100
            ]
        },
        "ECP": {
            "algorithm": [
                "e.agglo",
                "e.divisive"
            ],
            "siglvl": [
                0.01,
                0.05
            ],
            "minsize": [
                2,
                30
            ],
            "alpha": [
                0.5,
                1.0,
                1.5
            ]
        },
        "KCPA": {
            "maxcp": [
                "max",
                "default"
            ],
            "cost": [
                0.001,
                0.0011481536214968829,
                0.0013182567385564075,
                0.0015135612484362087,
                0.0017378008287493763,
                0.001995262314968879,
                0.0022908676527677724,
                0.0026302679918953813,
                0.003019951720402016,
                0.0034673685045253167,
                0.003981071705534973,
                0.004570881896148752,
                0.005248074602497723,
                0.0060255958607435805,
                0.006918309709189363,
                0.007943282347242814,
                0.009120108393559097,
                0.010471285480508996,
                0.012022644346174132,
                0.013803842646028845,
                0.015848931924611134,
                0.018197008586099836,
                0.020892961308540386,
                0.023988329190194897,
                0.02754228703338166,
                0.03162277660168379,
                0.03630780547701014,
                0.04168693834703353,
                0.047863009232263824,
                0.054954087385762455,
                0.0630957344480193,
                0.07244359600749899,
                0.08317637711026708,
                0.09549925860214359,
                0.1096478196143185,
                0.12589254117941676,
                0.1445439770745928,
                0.16595869074375597,
                0.19054607179632463,
                0.21877616239495518,
                0.25118864315095796,
                0.28840315031266056,
                0.3311311214825911,
                0.38018939632056126,
                0.43651583224016566,
                0.501187233627272,
                0.5754399373371566,
                0.6606934480075958,
                0.7585775750291835,
                0.8709635899560805,
                1.0,
                1.1481536214968828,
                1.3182567385564075,
                1.513561248436207,
                1.7378008287493745,
                1.9952623149688788,
                2.2908676527677723,
                2.6302679918953813,
                3.019951720402016,
                3.4673685045253166,
                3.981071705534969,
                4.570881896148747,
                5.248074602497723,
                6.025595860743575,
                6.918309709189363,
                7.943282347242813,
                9.120108393559097,
                10.471285480508985,
                12.02264434617413,
                13.803842646028839,
                15.848931924611142,
                18.197008586099827,
                20.892961308540407,
                23.9883291901949,
                27.542287033381633,
                31.622776601683793,
                36.3078054770101,
                41.68693834703355,
                47.863009232263806,
                54.954087385762485,
                63.0957344480193,
                72.44359600749891,
                83.17637711026708,
                95.4992586021435,
                109.64781961431851,
                125.89254117941663,
                144.5439770745928,
                165.95869074375597,
                190.54607179632444,
                218.77616239495518,
                251.18864315095772,
                288.40315031266056,
                331.13112148259074,
                380.1893963205613,
                436.51583224016565,
                501.18723362727246,
                575.4399373371566,
                660.6934480075951,
                758.5775750291835,
                870.9635899560797,
                1000.0
            ]
        },
        "WATCH": {
            "K": [
                3,
                4,
                5,
                6,
                7,
                8,
                9
            ],
            "eps": [
                1.0,
                1.1,
                1.2,
                1.3,
                1.4,
                1.5
            ],
            "mu": [
                3,
                4,
                5,
                6,
                7,
                8
            ],
            "kappa": [
                2,
                3,
                4
            ]
        },
        "SWD": {
            "K": [
                3,
                4,
                5,
                6,
                7,
                8,
                9
            ],
            "eps": [
                1.0,
                1.1,
                1.2,
                1.3,
                1.4,
                1.5
            ],
            "mu": [
                3,
                4,
                5,
                6,
                7,
                8
            ],
            "kappa": [
                2,
                3,
                4
            ]
        }
    },
    "Dataset_DIR": "/home/jsve/GithubRepos/CodeCPD/datasets",
    "Results_DIR": "/home/jsve/GithubRepos/CodeCPD/results",
    "Datasets": [
        "run_log"
    ],
    "UTILS": "/home/jsve/GithubRepos/CodeCPD/methods/utils.R"
}